Timestamp,Full Name,Register Number,Year,Branch,section,E-mail id,Contact,Events 
2026-09-02 15:22:42,,,,,,,,Singing
2026-09-02 16:46:18,Sape jishitha,25K61A42F3,1st ,CSM,C,sjishitha2542f3@sasi.ac.in,7075486409 ji,Singing
2026-10-02 17:08:42,Kodelli venkat,25K61A0491,1st year,ECE,C,Kvenkat25491@sasi.ac.in,,Singing
2026-10-02 20:20:57,Chukkana yasaswini satya sesha kumari ,24K61A4711,2nd,CIC,A,yasaswini.chukkana24@sasi.ac.in,9640656575,Singing
2/14/2026 19:08:41,Kona Pujitha ,24K61A1255 ,2nd year,IT,B,pujitha.kona24@sasi.ac.in,9885484866,Singing
2/14/2026 19:28:25,Y Amrutha,25K61A42I1,2026,CSM,C,yamrutha2542i1@sasi.ac.in,9704222058,Singing
2/14/2026 19:55:05,N.srilasya,23k61A4746 ,3rd ,CIC,,srilasya.nimushakavi@sasi.ac.in,88853 86330 ,Singing
2/15/2026 10:32:59,Sheik Bahija mohabooba ,25k61a42f8,1st,CSM,C,smohabooba2542f8@sasi.ac.in,7893820444,Singing
2/15/2026 11:50:44,Sape jishitha,25K61A42F3,1st year,CSM,C,sjishitha2542f3@sasi.ac.in,7075486409,Singing
2/15/2026 23:43:46,Sape jishitha,25K61A42F3,1st year,CSM,C,sjishitha2542f3@sasi.ac.in,7075486409,Singing
2/16/2026 14:05:55,kandula Navyata,23K61A0486,3,ECE,A,navyata.kandula@sasi.ac.in,7306047253,Singing
